TIME,SPEED,WEIGHT,TEMPERATURE
00:00:00,11.000000,150.000000,25.000000
00:00:01,12.000000,140.000000,25.000000
00:00:02,18.000000,130.000000,24.000000
00:00:03,14.000000,140.000000,23.000000
00:00:04,13.000000,150.000000,24.000000
